"B0 (uT)","kdN (1/s)","kaH (1/s)","[Ir]/[L]","[Ir]/[H2]","runtime (ms)","dt (ms)","polarization (%)"
-5,16,2,0.05,0,60000,2.5,0.936697763
-4.9,16,2,0.05,0,60000,2.5,0.984404683
-4.8,16,2,0.05,0,60000,2.5,1.035210374
-4.7,16,2,0.05,0,60000,2.5,1.089346849
-4.6,16,2,0.05,0,60000,2.5,1.147064857
-4.5,16,2,0.05,0,60000,2.5,1.208635214
-4.4,16,2,0.05,0,60000,2.5,1.27435017
-4.3,16,2,0.05,0,60000,2.5,1.344524791
-4.2,16,2,0.05,0,60000,2.5,1.419498317
-4.1,16,2,0.05,0,60000,2.5,1.499635471
-4,16,2,0.05,0,60000,2.5,1.585327662
-3.9,16,2,0.05,0,60000,2.5,1.676993993
-3.8,16,2,0.05,0,60000,2.5,1.77508203
-3.7,16,2,0.05,0,60000,2.5,1.880068177
-3.6,16,2,0.05,0,60000,2.5,1.99245755
-3.5,16,2,0.05,0,60000,2.5,2.11278316
-3.4,16,2,0.05,0,60000,2.5,2.241604205
-3.3,16,2,0.05,0,60000,2.5,2.379503211
-3.2,16,2,0.05,0,60000,2.5,2.527081721
-3.1,16,2,0.05,0,60000,2.5,2.684954159
-3,16,2,0.05,0,60000,2.5,2.853739459
-2.9,16,2,0.05,0,60000,2.5,3.034049973
-2.8,16,2,0.05,0,60000,2.5,3.226477091
-2.7,16,2,0.05,0,60000,2.5,3.43157298
-2.6,16,2,0.05,0,60000,2.5,3.649827742
-2.5,16,2,0.05,0,60000,2.5,3.881641247
-2.4,16,2,0.05,0,60000,2.5,4.127288784
-2.3,16,2,0.05,0,60000,2.5,4.386879527
-2.2,16,2,0.05,0,60000,2.5,4.660306558
-2.1,16,2,0.05,0,60000,2.5,4.947186715
-2,16,2,0.05,0,60000,2.5,5.246787749
-1.9,16,2,0.05,0,60000,2.5,5.557939011
-1.8,16,2,0.05,0,60000,2.5,5.87892004
-1.7,16,2,0.05,0,60000,2.5,6.20731901
-1.6,16,2,0.05,0,60000,2.5,6.539850453
-1.5,16,2,0.05,0,60000,2.5,6.87212002
-1.4,16,2,0.05,0,60000,2.5,7.19832538
-1.3,16,2,0.05,0,60000,2.5,7.510889843
-1.2,16,2,0.05,0,60000,2.5,7.800043002
-1.1,16,2,0.05,0,60000,2.5,8.053394061
-1,16,2,0.05,0,60000,2.5,8.255589305
-0.9,16,2,0.05,0,60000,2.5,8.388198208
-0.8,16,2,0.05,0,60000,2.5,8.430007936
-0.7,16,2,0.05,0,60000,2.5,8.35784981
-0.6,16,2,0.05,0,60000,2.5,8.147726818
-0.5,16,2,0.05,0,60000,2.5,7.774787818
-0.4,16,2,0.05,0,60000,2.5,7.207094358
-0.3,16,2,0.05,0,60000,2.5,6.378933569
-0.2,16,2,0.05,0,60000,2.5,5.116157704
-0.1,16,2,0.05,0,60000,2.5,3.049278099
0,16,2,0.05,0,60000,2.5,1.59e-15
0.1,16,2,0.05,0,60000,2.5,-3.049278099
0.2,16,2,0.05,0,60000,2.5,-5.116157704
0.3,16,2,0.05,0,60000,2.5,-6.378933569
0.4,16,2,0.05,0,60000,2.5,-7.207094358
0.5,16,2,0.05,0,60000,2.5,-7.774787818
0.6,16,2,0.05,0,60000,2.5,-8.147726818
0.7,16,2,0.05,0,60000,2.5,-8.35784981
0.8,16,2,0.05,0,60000,2.5,-8.430007936
0.9,16,2,0.05,0,60000,2.5,-8.388198208
1,16,2,0.05,0,60000,2.5,-8.255589305
1.1,16,2,0.05,0,60000,2.5,-8.053394061
1.2,16,2,0.05,0,60000,2.5,-7.800043002
1.3,16,2,0.05,0,60000,2.5,-7.510889843
1.4,16,2,0.05,0,60000,2.5,-7.19832538
1.5,16,2,0.05,0,60000,2.5,-6.87212002
1.6,16,2,0.05,0,60000,2.5,-6.539850453
1.7,16,2,0.05,0,60000,2.5,-6.20731901
1.8,16,2,0.05,0,60000,2.5,-5.87892004
1.9,16,2,0.05,0,60000,2.5,-5.557939011
2,16,2,0.05,0,60000,2.5,-5.246787749
2.1,16,2,0.05,0,60000,2.5,-4.947186715
2.2,16,2,0.05,0,60000,2.5,-4.660306558
2.3,16,2,0.05,0,60000,2.5,-4.386879527
2.4,16,2,0.05,0,60000,2.5,-4.127288784
2.5,16,2,0.05,0,60000,2.5,-3.881641247
2.6,16,2,0.05,0,60000,2.5,-3.649827742
2.7,16,2,0.05,0,60000,2.5,-3.43157298
2.8,16,2,0.05,0,60000,2.5,-3.226477091
2.9,16,2,0.05,0,60000,2.5,-3.034049973
3,16,2,0.05,0,60000,2.5,-2.853739459
3.1,16,2,0.05,0,60000,2.5,-2.684954159
3.2,16,2,0.05,0,60000,2.5,-2.527081721
3.3,16,2,0.05,0,60000,2.5,-2.379503211
3.4,16,2,0.05,0,60000,2.5,-2.241604205
3.5,16,2,0.05,0,60000,2.5,-2.11278316
3.6,16,2,0.05,0,60000,2.5,-1.99245755
3.7,16,2,0.05,0,60000,2.5,-1.880068177
3.8,16,2,0.05,0,60000,2.5,-1.77508203
3.9,16,2,0.05,0,60000,2.5,-1.676993993
4,16,2,0.05,0,60000,2.5,-1.585327662
4.1,16,2,0.05,0,60000,2.5,-1.499635471
4.2,16,2,0.05,0,60000,2.5,-1.419498317
4.3,16,2,0.05,0,60000,2.5,-1.344524791
4.4,16,2,0.05,0,60000,2.5,-1.27435017
4.5,16,2,0.05,0,60000,2.5,-1.208635214
4.6,16,2,0.05,0,60000,2.5,-1.147064857
4.7,16,2,0.05,0,60000,2.5,-1.089346849
4.8,16,2,0.05,0,60000,2.5,-1.035210374
4.9,16,2,0.05,0,60000,2.5,-0.984404683
5,16,2,0.05,0,60000,2.5,-0.936697763
-0.8,1,0.25,0.05,0,60000,2.5,4.190213935
-0.8,3,0.25,0.05,0,60000,2.5,3.504206614
-0.8,3,0.75,0.05,0,60000,2.5,8.476741665
-0.8,3,1.25,0.05,0,60000,2.5,11.89353798
-0.8,3,1.75,0.05,0,60000,2.5,14.44719259
-0.8,3,2.25,0.05,0,60000,2.5,16.46202594
-0.8,5,0.25,0.05,0,60000,2.5,2.81580556
-0.8,5,0.75,0.05,0,60000,2.5,7.214243236
-0.8,5,1.25,0.05,0,60000,2.5,10.45405445
-0.8,5,1.75,0.05,0,60000,2.5,12.97414401
-0.8,5,2.25,0.05,0,60000,2.5,15.01893264
-0.8,5,2.75,0.05,0,60000,2.5,16.72946126
-0.8,5,3.25,0.05,0,60000,2.5,18.19292989
-0.8,5,3.75,0.05,0,60000,2.5,19.46662361
-0.8,5,4.25,0.05,0,60000,2.5,20.59009042
-0.8,7,0.25,0.05,0,60000,2.5,2.329424855
-0.8,7,0.75,0.05,0,60000,2.5,6.189663729
-0.8,7,1.25,0.05,0,60000,2.5,9.172278656
-0.8,7,1.75,0.05,0,60000,2.5,11.56010815
-0.8,7,2.25,0.05,0,60000,2.5,13.53588569
-0.8,7,2.75,0.05,0,60000,2.5,15.2131245
-0.8,7,3.25,0.05,0,60000,2.5,16.66525244
-0.8,7,3.75,0.05,0,60000,2.5,17.9419671
-0.8,7,4.25,0.05,0,60000,2.5,19.07828896
-0.8,7,4.75,0.05,0,60000,2.5,20.09975994
-0.8,7,5.25,0.05,0,60000,2.5,21.02555972
-0.8,7,5.75,0.05,0,60000,2.5,21.8704512
-0.8,7,6.25,0.05,0,60000,2.5,22.64604012
-0.8,9,0.25,0.05,0,60000,2.5,1.980258205
-0.8,9,0.75,0.05,0,60000,2.5,5.398641041
-0.8,9,1.25,0.05,0,60000,2.5,8.136383925
-0.8,9,1.75,0.05,0,60000,2.5,10.37902268
-0.8,9,2.25,0.05,0,60000,2.5,12.26417011
-0.8,9,2.75,0.05,0,60000,2.5,13.88315885
-0.8,9,3.25,0.05,0,60000,2.5,15.29762717
-0.8,9,3.75,0.05,0,60000,2.5,16.5505409
-0.8,9,4.25,0.05,0,60000,2.5,17.67282767
-0.8,9,4.75,0.05,0,60000,2.5,18.68740165
-0.8,9,5.25,0.05,0,60000,2.5,19.61167405
-0.8,9,5.75,0.05,0,60000,2.5,20.45916859
-0.8,9,6.25,0.05,0,60000,2.5,21.24059231
-0.8,9,6.75,0.05,0,60000,2.5,21.96456504
-0.8,9,7.25,0.05,0,60000,2.5,22.63812874
-0.8,9,7.75,0.05,0,60000,2.5,23.26711117
-0.8,9,8.25,0.05,0,60000,2.5,23.85639076
-0.8,11,0.25,0.05,0,60000,2.5,1.720267354
-0.8,11,0.75,0.05,0,60000,2.5,4.780447041
-0.8,11,1.25,0.05,0,60000,2.5,7.300985421
-0.8,11,1.75,0.05,0,60000,2.5,9.404969807
-0.8,11,2.25,0.05,0,60000,2.5,11.19723228
-0.8,11,2.75,0.05,0,60000,2.5,12.75165545
-0.8,11,3.25,0.05,0,60000,2.5,14.12007207
-0.8,11,3.75,0.05,0,60000,2.5,15.33962949
-0.8,11,4.25,0.05,0,60000,2.5,16.43762728
-0.8,11,4.75,0.05,0,60000,2.5,17.43461487
-0.8,11,5.25,0.05,0,60000,2.5,18.34640026
-0.8,11,5.75,0.05,0,60000,2.5,19.18538142
-0.8,11,6.25,0.05,0,60000,2.5,19.96144999
-0.8,11,6.75,0.05,0,60000,2.5,20.68261875
-0.8,11,7.25,0.05,0,60000,2.5,21.35546668
-0.8,11,7.75,0.05,0,60000,2.5,21.98546093
-0.8,11,8.25,0.05,0,60000,2.5,22.57719385
-0.8,11,8.75,0.05,0,60000,2.5,23.13456037
-0.8,11,9.25,0.05,0,60000,2.5,23.66089281
-0.8,11,9.75,0.05,0,60000,2.5,24.15906466
-0.8,11,10.25,0.05,0,60000,2.5,24.63157145
-0.8,13,0.25,0.05,0,60000,2.5,1.520161584
-0.8,13,0.75,0.05,0,60000,2.5,4.287486375
-0.8,13,1.25,0.05,0,60000,2.5,6.618622169
-0.8,13,1.75,0.05,0,60000,2.5,8.595391107
-0.8,13,2.25,0.05,0,60000,2.5,10.29862693
-0.8,13,2.75,0.05,0,60000,2.5,11.78855248
-0.8,13,3.25,0.05,0,60000,2.5,13.10893503
-0.8,13,3.75,0.05,0,60000,2.5,14.29195448
-0.8,13,4.25,0.05,0,60000,2.5,15.36172656
-0.8,13,4.75,0.05,0,60000,2.5,16.33668455
-0.8,13,5.25,0.05,0,60000,2.5,17.23118297
-0.8,13,5.75,0.05,0,60000,2.5,18.05659139
-0.8,13,6.25,0.05,0,60000,2.5,18.82205396
-0.8,13,6.75,0.05,0,60000,2.5,19.53502679
-0.8,13,7.25,0.05,0,60000,2.5,20.2016651
-0.8,13,7.75,0.05,0,60000,2.5,20.82710697
-0.8,13,8.25,0.05,0,60000,2.5,21.41568466
-0.8,13,8.75,0.05,0,60000,2.5,21.97108424
-0.8,13,9.25,0.05,0,60000,2.5,22.49646786
-0.8,13,9.75,0.05,0,60000,2.5,22.99456863
-0.8,13,10.25,0.05,0,60000,2.5,23.467765
-0.8,13,10.75,0.05,0,60000,2.5,23.9181397
-0.8,13,11.25,0.05,0,60000,2.5,24.34752705
-0.8,13,11.75,0.05,0,60000,2.5,24.75755107
-0.8,13,12.25,0.05,0,60000,2.5,25.14965659
-0.8,15,0.25,0.05,0,60000,2.5,1.361871802
-0.8,15,0.75,0.05,0,60000,2.5,3.886735778
-0.8,15,1.25,0.05,0,60000,2.5,6.053105707
-0.8,15,1.75,0.05,0,60000,2.5,7.914816338
-0.8,15,2.25,0.05,0,60000,2.5,9.534912384
-0.8,15,2.75,0.05,0,60000,2.5,10.96289356
-0.8,15,3.25,0.05,0,60000,2.5,12.23591375
-0.8,15,3.75,0.05,0,60000,2.5,13.3819381
-0.8,15,4.25,0.05,0,60000,2.5,14.42230747
-0.8,15,4.75,0.05,0,60000,2.5,15.37357217
-0.8,15,5.25,0.05,0,60000,2.5,16.24877312
-0.8,15,5.75,0.05,0,60000,2.5,17.05834005
-0.8,15,6.25,0.05,0,60000,2.5,17.81072895
-0.8,15,6.75,0.05,0,60000,2.5,18.51288129
-0.8,15,7.25,0.05,0,60000,2.5,19.17055984
-0.8,15,7.75,0.05,0,60000,2.5,19.78859808
-0.8,15,8.25,0.05,0,60000,2.5,20.37108795
-0.8,15,8.75,0.05,0,60000,2.5,20.92152305
-0.8,15,9.25,0.05,0,60000,2.5,21.44290931
-0.8,15,9.75,0.05,0,60000,2.5,21.93785143
-0.8,15,10.25,0.05,0,60000,2.5,22.4086211
-0.8,15,10.75,0.05,0,60000,2.5,22.85721145
-0.8,15,11.25,0.05,0,60000,2.5,23.2853808
-0.8,15,11.75,0.05,0,60000,2.5,23.69468826
-0.8,15,12.25,0.05,0,60000,2.5,24.08652273
-0.8,15,12.75,0.05,0,60000,2.5,24.46212695
-0.8,15,13.25,0.05,0,60000,2.5,24.82261731
-0.8,15,13.75,0.05,0,60000,2.5,25.16900054
-0.8,15,14.25,0.05,0,60000,2.5,25.50218763
-0.8,17,0.25,0.05,0,60000,2.5,1.233823674
-0.8,17,0.75,0.05,0,60000,2.5,3.555405605
-0.8,17,1.25,0.05,0,60000,2.5,5.578071668
-0.8,17,1.75,0.05,0,60000,2.5,7.336243957
-0.8,17,2.25,0.05,0,60000,2.5,8.879598642
-0.8,17,2.75,0.05,0,60000,2.5,10.2491645
-0.8,17,3.25,0.05,0,60000,2.5,11.47666712
-0.8,17,3.75,0.05,0,60000,2.5,12.58650422
-0.8,17,4.25,0.05,0,60000,2.5,13.59760858
-0.8,17,4.75,0.05,0,60000,2.5,14.52486312
-0.8,17,5.25,0.05,0,60000,2.5,15.38012659
-0.8,17,5.75,0.05,0,60000,2.5,16.17297216
-0.8,17,6.25,0.05,0,60000,2.5,16.91122264
-0.8,17,6.75,0.05,0,60000,2.5,17.60134272
-0.8,17,7.25,0.05,0,60000,2.5,18.24873003
-0.8,17,7.75,0.05,0,60000,2.5,18.85793389
-0.8,17,8.25,0.05,0,60000,2.5,19.43282188
-0.8,17,8.75,0.05,0,60000,2.5,19.97670806
-0.8,17,9.25,0.05,0,60000,2.5,20.49245285
-0.8,17,9.75,0.05,0,60000,2.5,20.98254164
-0.8,17,10.25,0.05,0,60000,2.5,21.44914725
-0.8,17,10.75,0.05,0,60000,2.5,21.89418005
-0.8,17,11.25,0.05,0,60000,2.5,22.31932849
-0.8,17,11.75,0.05,0,60000,2.5,22.72609212
-0.8,17,12.25,0.05,0,60000,2.5,23.11580877
-0.8,17,12.75,0.05,0,60000,2.5,23.48967698
-0.8,17,13.25,0.05,0,60000,2.5,23.84877473
-0.8,17,13.75,0.05,0,60000,2.5,24.1940751
-0.8,17,14.25,0.05,0,60000,2.5,24.52645948
-0.8,17,14.75,0.05,0,60000,2.5,24.84672877
-0.8,17,15.25,0.05,0,60000,2.5,25.15561288
-0.8,17,15.75,0.05,0,60000,2.5,25.45377895
-0.8,17,16.25,0.05,0,60000,2.5,25.74183834
-0.8,19,0.25,0.05,0,60000,2.5,1.128310589
-0.8,19,0.75,0.05,0,60000,2.5,3.277480359
-0.8,19,1.25,0.05,0,60000,2.5,5.174264127
-0.8,19,1.75,0.05,0,60000,2.5,6.839360673
-0.8,19,2.25,0.05,0,60000,2.5,8.312262325
-0.8,19,2.75,0.05,0,60000,2.5,9.62725386
-0.8,19,3.25,0.05,0,60000,2.5,10.81159072
-0.8,19,3.75,0.05,0,60000,2.5,11.88665102
-0.8,19,4.25,0.05,0,60000,2.5,12.86928236
-0.8,19,4.75,0.05,0,60000,2.5,13.77289614
-0.8,19,5.25,0.05,0,60000,2.5,14.60829128
-0.8,19,5.75,0.05,0,60000,2.5,15.38426306
-0.8,19,6.25,0.05,0,60000,2.5,16.10805325
-0.8,19,6.75,0.05,0,60000,2.5,16.78568539
-0.8,19,7.25,0.05,0,60000,2.5,17.42221713
-0.8,19,7.75,0.05,0,60000,2.5,18.0219321
-0.8,19,8.25,0.05,0,60000,2.5,18.58848748
-0.8,19,8.75,0.05,0,60000,2.5,19.12502868
-0.8,19,9.25,0.05,0,60000,2.5,19.63427941
-0.8,19,9.75,0.05,0,60000,2.5,20.11861303
-0.8,19,10.25,0.05,0,60000,2.5,20.5801097
-0.8,19,10.75,0.05,0,60000,2.5,21.02060235
-0.8,19,11.25,0.05,0,60000,2.5,21.4417142
-0.8,19,11.75,0.05,0,60000,2.5,21.84488941
-0.8,19,12.25,0.05,0,60000,2.5,22.23141841
-0.8,19,12.75,0.05,0,60000,2.5,22.60245889
-0.8,19,13.25,0.05,0,60000,2.5,22.95905342
-0.8,19,13.75,0.05,0,60000,2.5,23.30214415
-0.8,19,14.25,0.05,0,60000,2.5,23.63258536
-0.8,19,14.75,0.05,0,60000,2.5,23.951154
-0.8,19,15.25,0.05,0,60000,2.5,24.25855882
-0.8,19,15.75,0.05,0,60000,2.5,24.55544806
-0.8,19,16.25,0.05,0,60000,2.5,24.8424162
-0.8,19,16.75,0.05,0,60000,2.5,25.12000973
-0.8,19,17.25,0.05,0,60000,2.5,25.3887322
-0.8,19,17.75,0.05,0,60000,2.5,25.64904859
-0.8,19,18.25,0.05,0,60000,2.5,25.90138916
-0.8,21,0.25,0.05,0,60000,2.5,1.040018797
-0.8,21,0.75,0.05,0,60000,2.5,3.041443778
-0.8,21,1.25,0.05,0,60000,2.5,4.82741021
-0.8,21,1.75,0.05,0,60000,2.5,6.408760028
-0.8,21,2.25,0.05,0,60000,2.5,7.817127376
-0.8,21,2.75,0.05,0,60000,2.5,9.081383314
-0.8,21,3.25,0.05,0,60000,2.5,10.22508553
-0.8,21,3.75,0.05,0,60000,2.5,11.26705224
-0.8,21,4.25,0.05,0,60000,2.5,12.22232639
-0.8,21,4.75,0.05,0,60000,2.5,13.10302337
-0.8,21,5.25,0.05,0,60000,2.5,13.9189947
-0.8,21,5.75,0.05,0,60000,2.5,14.67833144
-0.8,21,6.25,0.05,0,60000,2.5,15.38774373
-0.8,21,6.75,0.05,0,60000,2.5,16.05284801
-0.8,21,7.25,0.05,0,60000,2.5,16.6783859
-0.8,21,7.75,0.05,0,60000,2.5,17.26839265
-0.8,21,8.25,0.05,0,60000,2.5,17.82632791
-0.8,21,8.75,0.05,0,60000,2.5,18.35517833
-0.8,21,9.25,0.05,0,60000,2.5,18.85753863
-0.8,21,9.75,0.05,0,60000,2.5,19.33567639
-0.8,21,10.25,0.05,0,60000,2.5,19.7915842
-0.8,21,10.75,0.05,0,60000,2.5,20.22702194
-0.8,21,11.25,0.05,0,60000,2.5,20.64355133
-0.8,21,11.75,0.05,0,60000,2.5,21.04256441
-0.8,21,12.25,0.05,0,60000,2.5,21.42530708
-0.8,21,12.75,0.05,0,60000,2.5,21.79289878
-0.8,21,13.25,0.05,0,60000,2.5,22.14634896
-0.8,21,13.75,0.05,0,60000,2.5,22.48657099
-0.8,21,14.25,0.05,0,60000,2.5,22.81439395
-0.8,21,14.75,0.05,0,60000,2.5,23.13057262
-0.8,21,15.25,0.05,0,60000,2.5,23.43579617
-0.8,21,15.75,0.05,0,60000,2.5,23.73069544
-0.8,21,16.25,0.05,0,60000,2.5,24.01584942
-0.8,21,16.75,0.05,0,60000,2.5,24.29179072
-0.8,21,17.25,0.05,0,60000,2.5,24.5590104
-0.8,21,17.75,0.05,0,60000,2.5,24.81796222
-0.8,21,18.25,0.05,0,60000,2.5,25.06906624
-0.8,21,18.75,0.05,0,60000,2.5,25.31271216
-0.8,21,19.25,0.05,0,60000,2.5,25.54926212
-0.8,21,19.75,0.05,0,60000,2.5,25.77905324
-0.8,21,20.25,0.05,0,60000,2.5,26.00239989
-0.8,23,0.25,0.05,0,60000,2.5,0.965170771
-0.8,23,0.75,0.05,0,60000,2.5,2.838824853
-0.8,23,1.25,0.05,0,60000,2.5,4.526743682
-0.8,23,1.75,0.05,0,60000,2.5,6.032596049
-0.8,23,2.25,0.05,0,60000,2.5,7.381879681
-0.8,23,2.75,0.05,0,60000,2.5,8.599083666
-0.8,23,3.25,0.05,0,60000,2.5,9.704691189
-0.8,23,3.75,0.05,0,60000,2.5,10.7153446
-0.8,23,4.25,0.05,0,60000,2.5,11.64452405
-0.8,23,4.75,0.05,0,60000,2.5,12.50320445
-0.8,23,5.25,0.05,0,60000,2.5,13.30039198
-0.8,23,5.75,0.05,0,60000,2.5,14.04354175
-0.8,23,6.25,0.05,0,60000,2.5,14.73887888
-0.8,23,6.75,0.05,0,60000,2.5,15.39164501
-0.8,23,7.25,0.05,0,60000,2.5,16.00628872
-0.8,23,7.75,0.05,0,60000,2.5,16.58661347
-0.8,23,8.25,0.05,0,60000,2.5,17.13589368
-0.8,23,8.75,0.05,0,60000,2.5,17.65696645
-0.8,23,9.25,0.05,0,60000,2.5,18.15230466
-0.8,23,9.75,0.05,0,60000,2.5,18.62407578
-0.8,23,10.25,0.05,0,60000,2.5,19.0741894
-0.8,23,10.75,0.05,0,60000,2.5,19.50433606
-0.8,23,11.25,0.05,0,60000,2.5,19.91601917
-0.8,23,11.75,0.05,0,60000,2.5,20.31058132
-0.8,23,12.25,0.05,0,60000,2.5,20.68922626
-0.8,23,12.75,0.05,0,60000,2.5,21.05303725
-0.8,23,13.25,0.05,0,60000,2.5,21.40299247
-0.8,23,13.75,0.05,0,60000,2.5,21.73997816
-0.8,23,14.25,0.05,0,60000,2.5,22.0647997
-0.8,23,14.75,0.05,0,60000,2.5,22.3781911
-0.8,23,15.25,0.05,0,60000,2.5,22.68082319
-0.8,23,15.75,0.05,0,60000,2.5,22.97331061
-0.8,23,16.25,0.05,0,60000,2.5,23.25621789
-0.8,23,16.75,0.05,0,60000,2.5,23.53006477
-0.8,23,17.25,0.05,0,60000,2.5,23.79533077
-0.8,23,17.75,0.05,0,60000,2.5,24.05245924
-0.8,23,18.25,0.05,0,60000,2.5,24.30186089
-0.8,23,18.75,0.05,0,60000,2.5,24.54391692
-0.8,23,19.25,0.05,0,60000,2.5,24.77898176
-0.8,23,19.75,0.05,0,60000,2.5,25.00738552
-0.8,23,20.25,0.05,0,60000,2.5,25.22943615
-0.8,23,20.75,0.05,0,60000,2.5,25.4454214
-0.8,23,21.25,0.05,0,60000,2.5,25.65561049
-0.8,23,21.75,0.05,0,60000,2.5,25.86025573
-0.8,23,22.25,0.05,0,60000,2.5,26.05959385
-0.8,25,0.25,0.05,0,60000,2.5,0.901008834
-0.8,25,0.75,0.05,0,60000,2.5,2.66326055
-0.8,25,1.25,0.05,0,60000,2.5,4.264001574
-0.8,25,1.75,0.05,0,60000,2.5,5.701625182
-0.8,25,2.25,0.05,0,60000,2.5,6.996784381
-0.8,25,2.75,0.05,0,60000,2.5,8.170392775
-0.8,25,3.25,0.05,0,60000,2.5,9.240363421
-0.8,25,3.75,0.05,0,60000,2.5,10.22148331
-0.8,25,4.25,0.05,0,60000,2.5,11.12587729
-0.8,25,4.75,0.05,0,60000,2.5,11.96351659
-0.8,25,5.25,0.05,0,60000,2.5,12.74265379
-0.8,25,5.75,0.05,0,60000,2.5,13.47017074
-0.8,25,6.25,0.05,0,60000,2.5,14.15185094
-0.8,25,6.75,0.05,0,60000,2.5,14.79259191
-0.8,25,7.25,0.05,0,60000,2.5,15.39657106
-0.8,25,7.75,0.05,0,60000,2.5,15.96737605
-0.8,25,8.25,0.05,0,60000,2.5,16.50810783
-0.8,25,8.75,0.05,0,60000,2.5,17.02146287
-0.8,25,9.25,0.05,0,60000,2.5,17.50979902
-0.8,25,9.75,0.05,0,60000,2.5,17.97518891
-0.8,25,10.25,0.05,0,60000,2.5,18.41946336
-0.8,25,10.75,0.05,0,60000,2.5,18.84424702
-0.8,25,11.25,0.05,0,60000,2.5,19.25098776
-0.8,25,11.75,0.05,0,60000,2.5,19.64098112
-0.8,25,12.25,0.05,0,60000,2.5,20.01539068
-0.8,25,12.75,0.05,0,60000,2.5,20.37526526
-0.8,25,13.25,0.05,0,60000,2.5,20.72155332
-0.8,25,13.75,0.05,0,60000,2.5,21.05511532
-0.8,25,14.25,0.05,0,60000,2.5,21.37673416
-0.8,25,14.75,0.05,0,60000,2.5,21.68712416
-0.8,25,15.25,0.05,0,60000,2.5,21.98693883
-0.8,25,15.75,0.05,0,60000,2.5,22.27677751
-0.8,25,16.25,0.05,0,60000,2.5,22.55719113
-0.8,25,16.75,0.05,0,60000,2.5,22.82868735
-0.8,25,17.25,0.05,0,60000,2.5,23.09173485
-0.8,25,17.75,0.05,0,60000,2.5,23.34676728
-0.8,25,18.25,0.05,0,60000,2.5,23.5941866
-0.8,25,18.75,0.05,0,60000,2.5,23.83436611
-0.8,25,19.25,0.05,0,60000,2.5,24.06765308
-0.8,25,19.75,0.05,0,60000,2.5,24.29437112
-0.8,25,20.25,0.05,0,60000,2.5,24.51482227
-0.8,25,20.75,0.05,0,60000,2.5,24.72928883
-0.8,25,21.25,0.05,0,60000,2.5,24.93803509
-0.8,25,21.75,0.05,0,60000,2.5,25.1413088
-0.8,25,22.25,0.05,0,60000,2.5,25.3393425
-0.8,25,22.75,0.05,0,60000,2.5,25.53235473
-0.8,25,23.25,0.05,0,60000,2.5,25.72055117
-0.8,25,23.75,0.05,0,60000,2.5,25.90412558
-0.8,25,24.25,0.05,0,60000,2.5,26.0832607
-0.8,27,0.25,0.05,0,60000,2.5,0.84547278
-0.8,27,0.75,0.05,0,60000,2.5,2.509879993
-0.8,27,1.25,0.05,0,60000,2.5,4.032738977
-0.8,27,1.75,0.05,0,60000,2.5,5.40853139
-0.8,27,2.25,0.05,0,60000,2.5,6.654046794
-0.8,27,2.75,0.05,0,60000,2.5,7.787258894
-0.8,27,3.25,0.05,0,60000,2.5,8.823920525
-0.8,27,3.75,0.05,0,60000,2.5,9.777230979
-0.8,27,4.25,0.05,0,60000,2.5,10.65813735
-0.8,27,4.75,0.05,0,60000,2.5,11.47572691
-0.8,27,5.25,0.05,0,60000,2.5,12.23758065
-0.8,27,5.75,0.05,0,60000,2.5,12.95006411
-0.8,27,6.25,0.05,0,60000,2.5,13.6185594
-0.8,27,6.75,0.05,0,60000,2.5,14.24764859
-0.8,27,7.25,0.05,0,60000,2.5,14.84125876
-0.8,27,7.75,0.05,0,60000,2.5,15.40277702
-0.8,27,8.25,0.05,0,60000,2.5,15.93514227
-0.8,27,8.75,0.05,0,60000,2.5,16.44091887
-0.8,27,9.25,0.05,0,60000,2.5,16.92235625
-0.8,27,9.75,0.05,0,60000,2.5,17.38143729
-0.8,27,10.25,0.05,0,60000,2.5,17.81991804
-0.8,27,10.75,0.05,0,60000,2.5,18.23936048
-0.8,27,11.25,0.05,0,60000,2.5,18.64115957
-0.8,27,11.75,0.05,0,60000,2.5,19.02656592
-0.8,27,12.25,0.05,0,60000,2.5,19.3967048
-0.8,27,12.75,0.05,0,60000,2.5,19.75259208
-0.8,27,13.25,0.05,0,60000,2.5,20.09514784
-0.8,27,13.75,0.05,0,60000,2.5,20.4252079
-0.8,27,14.25,0.05,0,60000,2.5,20.74353369
-0.8,27,14.75,0.05,0,60000,2.5,21.0508208
-0.8,27,15.25,0.05,0,60000,2.5,21.34770619
-0.8,27,15.75,0.05,0,60000,2.5,21.63477464
-0.8,27,16.25,0.05,0,60000,2.5,21.91256421
-0.8,27,16.75,0.05,0,60000,2.5,22.18157104
-0.8,27,17.25,0.05,0,60000,2.5,22.44225359
-0.8,27,17.75,0.05,0,60000,2.5,22.69503631
-0.8,27,18.25,0.05,0,60000,2.5,22.94031294
-0.8,27,18.75,0.05,0,60000,2.5,23.17844933
-0.8,27,19.25,0.05,0,60000,2.5,23.40978603
-0.8,27,19.75,0.05,0,60000,2.5,23.63464056
-0.8,27,20.25,0.05,0,60000,2.5,23.8533094
-0.8,27,20.75,0.05,0,60000,2.5,24.06606981
-0.8,27,21.25,0.05,0,60000,2.5,24.27318145
-0.8,27,21.75,0.05,0,60000,2.5,24.47488784
-0.8,27,22.25,0.05,0,60000,2.5,24.67141763
-0.8,27,22.75,0.05,0,60000,2.5,24.86298579
-0.8,27,23.25,0.05,0,60000,2.5,25.04979469
-0.8,27,23.75,0.05,0,60000,2.5,25.23203503
-0.8,27,24.25,0.05,0,60000,2.5,25.40988674
-0.8,27,24.75,0.05,0,60000,2.5,25.58351975
-0.8,27,25.25,0.05,0,60000,2.5,25.75309472
-0.8,27,25.75,0.05,0,60000,2.5,25.91876369
-0.8,27,26.25,0.05,0,60000,2.5,26.08067069
-0.8,29,0.25,0.05,0,60000,2.5,0.796992139
-0.8,29,0.75,0.05,0,60000,2.5,2.374891055
-0.8,29,1.25,0.05,0,60000,2.5,3.827854751
-0.8,29,1.75,0.05,0,60000,2.5,5.1474478
-0.8,29,2.25,0.05,0,60000,2.5,6.347350561
-0.8,29,2.75,0.05,0,60000,2.5,7.443101852
-0.8,29,3.25,0.05,0,60000,2.5,8.448629036
-0.8,29,3.75,0.05,0,60000,2.5,9.375767655
-0.8,29,4.25,0.05,0,60000,2.5,10.23443892
-0.8,29,4.75,0.05,0,60000,2.5,11.03295058
-0.8,29,5.25,0.05,0,60000,2.5,11.77828495
-0.8,29,5.75,0.05,0,60000,2.5,12.47634279
-0.8,29,6.25,0.05,0,60000,2.5,13.13214165
-0.8,29,6.75,0.05,0,60000,2.5,13.74997493
-0.8,29,7.25,0.05,0,60000,2.5,14.33353898
-0.8,29,7.75,0.05,0,60000,2.5,14.8860349
-0.8,29,8.25,0.05,0,60000,2.5,15.41025044
-0.8,29,8.75,0.05,0,60000,2.5,15.90862617
-0.8,29,9.25,0.05,0,60000,2.5,16.3833094
-0.8,29,9.75,0.05,0,60000,2.5,16.83619822
-0.8,29,10.25,0.05,0,60000,2.5,17.26897782
-0.8,29,10.75,0.05,0,60000,2.5,17.68315056
-0.8,29,11.25,0.05,0,60000,2.5,18.08006099
-0.8,29,11.75,0.05,0,60000,2.5,18.46091686
-0.8,29,12.25,0.05,0,60000,2.5,18.82680673
-0.8,29,12.75,0.05,0,60000,2.5,19.178715
-0.8,29,13.25,0.05,0,60000,2.5,19.51753451
-0.8,29,13.75,0.05,0,60000,2.5,19.8440775
-0.8,29,14.25,0.05,0,60000,2.5,20.15908484
-0.8,29,14.75,0.05,0,60000,2.5,20.46323409
-0.8,29,15.25,0.05,0,60000,2.5,20.75714644
-0.8,29,15.75,0.05,0,60000,2.5,21.0413927
-0.8,29,16.25,0.05,0,60000,2.5,21.31649859
-0.8,29,16.75,0.05,0,60000,2.5,21.58294928
-0.8,29,17.25,0.05,0,60000,2.5,21.84119345
-0.8,29,17.75,0.05,0,60000,2.5,22.09164682
-0.8,29,18.25,0.05,0,60000,2.5,22.33469525
-0.8,29,18.75,0.05,0,60000,2.5,22.57069754
-0.8,29,19.25,0.05,0,60000,2.5,22.79998787
-0.8,29,19.75,0.05,0,60000,2.5,23.02287796
-0.8,29,20.25,0.05,0,60000,2.5,23.23965907
-0.8,29,20.75,0.05,0,60000,2.5,23.45060368
-0.8,29,21.25,0.05,0,60000,2.5,23.6559671
-0.8,29,21.75,0.05,0,60000,2.5,23.85598886
-0.8,29,22.25,0.05,0,60000,2.5,24.05089396
-0.8,29,22.75,0.05,0,60000,2.5,24.24089403
-0.8,29,23.25,0.05,0,60000,2.5,24.42618833
-0.8,29,23.75,0.05,0,60000,2.5,24.60696472
-0.8,29,24.25,0.05,0,60000,2.5,24.7834005
-0.8,29,24.75,0.05,0,60000,2.5,24.95566315
-0.8,29,25.25,0.05,0,60000,2.5,25.12391106
-0.8,29,25.75,0.05,0,60000,2.5,25.28829417
-0.8,29,26.25,0.05,0,60000,2.5,25.44895456
-0.8,29,26.75,0.05,0,60000,2.5,25.60602694
-0.8,29,27.25,0.05,0,60000,2.5,25.7596392
-0.8,29,27.75,0.05,0,60000,2.5,25.90991284
-0.8,29,28.25,0.05,0,60000,2.5,26.05696335
-0.8,16,2,0.01,0,60000,2.5,5.423049431
-0.8,16,2,0.03,0,60000,2.5,7.765897734
-0.8,16,2,0.05,0,60000,2.5,8.430007936
-0.8,16,2,0.07,0,60000,2.5,8.748476102
-0.8,16,2,0.09,0,60000,2.5,8.935891449
-0.8,16,2,0.11,0,60000,2.5,9.059328234
-0.8,16,2,0.13,0,60000,2.5,9.146746108
-0.8,16,2,0.15,0,60000,2.5,9.211885215
-0.8,16,2,0.17,0,60000,2.5,9.262286421
-0.8,16,2,0.19,0,60000,2.5,9.302433125
-0.8,16,2,0.21,0,60000,2.5,9.335158173
-0.8,16,2,0.23,0,60000,2.5,9.362339366
-0.8,16,2,0.25,0,60000,2.5,9.385270618
-0.8,16,2,0.27,0,60000,2.5,9.404872512
-0.8,16,2,0.29,0,60000,2.5,9.421817863
-0.8,16,2,0.31,0,60000,2.5,9.436609811
-0.8,16,2,0.33,0,60000,2.5,9.449632123
-0.8,16,2,0.35,0,60000,2.5,9.461182603
-0.8,16,2,0.37,0,60000,2.5,9.471495877
-0.8,16,2,0.39,0,60000,2.5,9.4807593
-0.8,16,2,0.41,0,60000,2.5,9.489124282
-0.8,16,2,0.43,0,60000,2.5,9.49671451
-0.8,16,2,0.45,0,60000,2.5,9.503632012
-0.8,16,2,0.47,0,60000,2.5,9.509961697
-0.8,16,2,0.49,0,60000,2.5,9.515774796
-0.8,16,2,0.01,0.02,60000,2.5,1.126576055
-0.8,16,2,0.03,0.02,60000,2.5,1.456499796
-0.8,16,2,0.05,0.02,60000,2.5,1.547248414
-0.8,16,2,0.07,0.02,60000,2.5,1.597090309
-0.8,16,2,0.09,0.02,60000,2.5,1.628882481
-0.8,16,2,0.11,0.02,60000,2.5,1.65088697
-0.8,16,2,0.13,0.02,60000,2.5,1.667004952
-0.8,16,2,0.15,0.02,60000,2.5,1.679314175
-0.8,16,2,0.17,0.02,60000,2.5,1.689019777
-0.8,16,2,0.19,0.02,60000,2.5,1.696867855
-0.8,16,2,0.21,0.02,60000,2.5,1.703344666
-0.8,16,2,0.23,0.02,60000,2.5,1.708780541
-0.8,16,2,0.25,0.02,60000,2.5,1.713407686
-0.8,16,2,0.27,0.02,60000,2.5,1.717394063
-0.8,16,2,0.29,0.02,60000,2.5,1.72086416
-0.8,16,2,0.31,0.02,60000,2.5,1.723912193
-0.8,16,2,0.33,0.02,60000,2.5,1.726610773
-0.8,16,2,0.35,0.02,60000,2.5,1.729016764
-0.8,16,2,0.37,0.02,60000,2.5,1.731175329
-0.8,16,2,0.39,0.02,60000,2.5,1.733122792
-0.8,16,2,0.41,0.02,60000,2.5,1.734888698
-0.8,16,2,0.43,0.02,60000,2.5,1.736497325
-0.8,16,2,0.45,0.02,60000,2.5,1.737968807
-0.8,16,2,0.47,0.02,60000,2.5,1.739319981
-0.8,16,2,0.49,0.02,60000,2.5,1.740565036
-0.8,16,2,0.01,0.04,60000,2.5,0.270738641
-0.8,16,2,0.03,0.04,60000,2.5,0.293356694
-0.8,16,2,0.05,0.04,60000,2.5,0.301152042
-0.8,16,2,0.07,0.04,60000,2.5,0.309207614
-0.8,16,2,0.09,0.04,60000,2.5,0.315472832
-0.8,16,2,0.11,0.04,60000,2.5,0.320228366
-0.8,16,2,0.13,0.04,60000,2.5,0.32390293
-0.8,16,2,0.15,0.04,60000,2.5,0.326809277
-0.8,16,2,0.17,0.04,60000,2.5,0.32915862
-0.8,16,2,0.19,0.04,60000,2.5,0.331094126
-0.8,16,2,0.21,0.04,60000,2.5,0.332714916
-0.8,16,2,0.23,0.04,60000,2.5,0.334091312
-0.8,16,2,0.25,0.04,60000,2.5,0.335274382
-0.8,16,2,0.27,0.04,60000,2.5,0.336302022
-0.8,16,2,0.29,0.04,60000,2.5,0.3372029
-0.8,16,2,0.31,0.04,60000,2.5,0.337999079
-0.8,16,2,0.33,0.04,60000,2.5,0.338707808
-0.8,16,2,0.35,0.04,60000,2.5,0.339342754
-0.8,16,2,0.37,0.04,60000,2.5,0.339914887
-0.8,16,2,0.39,0.04,60000,2.5,0.340433109
-0.8,16,2,0.41,0.04,60000,2.5,0.340904717
-0.8,16,2,0.43,0.04,60000,2.5,0.341335751
-0.8,16,2,0.45,0.04,60000,2.5,0.34173125
-0.8,16,2,0.47,0.04,60000,2.5,0.342095454
-0.8,16,2,0.49,0.04,60000,2.5,0.342431951
-0.8,16,2,0.01,0.06,60000,2.5,0.100461268
-0.8,16,2,0.03,0.06,60000,2.5,0.086998221
-0.8,16,2,0.05,0.06,60000,2.5,0.080811399
-0.8,16,2,0.07,0.06,60000,2.5,0.079130428
-0.8,16,2,0.09,0.06,60000,2.5,0.078563164
-0.8,16,2,0.11,0.06,60000,2.5,0.07834776
-0.8,16,2,0.13,0.06,60000,2.5,0.078267452
-0.8,16,2,0.15,0.06,60000,2.5,0.07824551
-0.8,16,2,0.17,0.06,60000,2.5,0.07825046
-0.8,16,2,0.19,0.06,60000,2.5,0.078268052
-0.8,16,2,0.21,0.06,60000,2.5,0.078291381
-0.8,16,2,0.23,0.06,60000,2.5,0.078316956
-0.8,16,2,0.25,0.06,60000,2.5,0.078342966
-0.8,16,2,0.27,0.06,60000,2.5,0.078368476
-0.8,16,2,0.29,0.06,60000,2.5,0.078393013
-0.8,16,2,0.31,0.06,60000,2.5,0.078416359
-0.8,16,2,0.33,0.06,60000,2.5,0.078438437
-0.8,16,2,0.35,0.06,60000,2.5,0.07845925
-0.8,16,2,0.37,0.06,60000,2.5,0.078478838
-0.8,16,2,0.39,0.06,60000,2.5,0.078497266
-0.8,16,2,0.41,0.06,60000,2.5,0.078514606
-0.8,16,2,0.43,0.06,60000,2.5,0.078530933
-0.8,16,2,0.45,0.06,60000,2.5,0.07854632
-0.8,16,2,0.47,0.06,60000,2.5,0.078560839
-0.8,16,2,0.49,0.06,60000,2.5,0.078574556
-0.8,16,2,0.01,0.08,60000,2.5,0.067480632
-0.8,16,2,0.03,0.08,60000,2.5,0.055232058
-0.8,16,2,0.05,0.08,60000,2.5,0.045389572
-0.8,16,2,0.07,0.08,60000,2.5,0.040080184
-0.8,16,2,0.09,0.08,60000,2.5,0.03676984
-0.8,16,2,0.11,0.08,60000,2.5,0.034504581
-0.8,16,2,0.13,0.08,60000,2.5,0.032856584
-0.8,16,2,0.15,0.08,60000,2.5,0.031603962
-0.8,16,2,0.17,0.08,60000,2.5,0.030619842
-0.8,16,2,0.19,0.08,60000,2.5,0.029826373
-0.8,16,2,0.21,0.08,60000,2.5,0.029173133
-0.8,16,2,0.23,0.08,60000,2.5,0.028626025
-0.8,16,2,0.25,0.08,60000,2.5,0.028161171
-0.8,16,2,0.27,0.08,60000,2.5,0.02776135
-0.8,16,2,0.29,0.08,60000,2.5,0.027413831
-0.8,16,2,0.31,0.08,60000,2.5,0.027109001
-0.8,16,2,0.33,0.08,60000,2.5,0.026839463
-0.8,16,2,0.35,0.08,60000,2.5,0.026599436
-0.8,16,2,0.37,0.08,60000,2.5,0.026384335
-0.8,16,2,0.39,0.08,60000,2.5,0.026190476
-0.8,16,2,0.41,0.08,60000,2.5,0.026014868
-0.8,16,2,0.43,0.08,60000,2.5,0.025855054
-0.8,16,2,0.45,0.08,60000,2.5,0.025709001
-0.8,16,2,0.47,0.08,60000,2.5,0.025575009
-0.8,16,2,0.49,0.08,60000,2.5,0.025451646
-0.8,16,2,0.01,0.1,60000,2.5,0.060499629
-0.8,16,2,0.03,0.1,60000,2.5,0.051822152
-0.8,16,2,0.05,0.1,60000,2.5,0.04056093
-0.8,16,2,0.07,0.1,60000,2.5,0.033670355
-0.8,16,2,0.09,0.1,60000,2.5,0.029184247
-0.8,16,2,0.11,0.1,60000,2.5,0.026061662
-0.8,16,2,0.13,0.1,60000,2.5,0.023772533
-0.8,16,2,0.15,0.1,60000,2.5,0.022026165
-0.8,16,2,0.17,0.1,60000,2.5,0.020651624
-0.8,16,2,0.19,0.1,60000,2.5,0.019542393
-0.8,16,2,0.21,0.1,60000,2.5,0.018628848
-0.8,16,2,0.23,0.1,60000,2.5,0.017863648
-0.8,16,2,0.25,0.1,60000,2.5,0.017213519
-0.8,16,2,0.27,0.1,60000,2.5,0.016654412
-0.8,16,2,0.29,0.1,60000,2.5,0.016168521
-0.8,16,2,0.31,0.1,60000,2.5,0.015742389
-0.8,16,2,0.33,0.1,60000,2.5,0.015365659
-0.8,16,2,0.35,0.1,60000,2.5,0.015030229
-0.8,16,2,0.37,0.1,60000,2.5,0.014729677
-0.8,16,2,0.39,0.1,60000,2.5,0.014458842
-0.8,16,2,0.41,0.1,60000,2.5,0.014213532
-0.8,16,2,0.43,0.1,60000,2.5,0.013990307
-0.8,16,2,0.45,0.1,60000,2.5,0.013786319
-0.8,16,2,0.47,0.1,60000,2.5,0.013599188
-0.8,16,2,0.49,0.1,60000,2.5,0.01342691
-0.8,16,2,0.01,0.12,60000,2.5,0.057390751
-0.8,16,2,0.03,0.12,60000,2.5,0.050754169
-0.8,16,2,0.05,0.12,60000,2.5,0.03889475
-0.8,16,2,0.07,0.12,60000,2.5,0.031367638
-0.8,16,2,0.09,0.12,60000,2.5,0.026454454
-0.8,16,2,0.11,0.12,60000,2.5,0.023050978
-0.8,16,2,0.13,0.12,60000,2.5,0.020571057
-0.8,16,2,0.15,0.12,60000,2.5,0.01869016
-0.8,16,2,0.17,0.12,60000,2.5,0.01721748
-0.8,16,2,0.19,0.12,60000,2.5,0.016034524
-0.8,16,2,0.21,0.12,60000,2.5,0.015064185
-0.8,16,2,0.23,0.12,60000,2.5,0.014254284
-0.8,16,2,0.25,0.12,60000,2.5,0.013568315
-0.8,16,2,0.27,0.12,60000,2.5,0.012980005
-0.8,16,2,0.29,0.12,60000,2.5,0.012469984
-0.8,16,2,0.31,0.12,60000,2.5,0.012023665
-0.8,16,2,0.33,0.12,60000,2.5,0.011629859
-0.8,16,2,0.35,0.12,60000,2.5,0.011279845
-0.8,16,2,0.37,0.12,60000,2.5,0.010966725
-0.8,16,2,0.39,0.12,60000,2.5,0.010684974
-0.8,16,2,0.41,0.12,60000,2.5,0.010430116
-0.8,16,2,0.43,0.12,60000,2.5,0.010198483
-0.8,16,2,0.45,0.12,60000,2.5,0.009987048
-0.8,16,2,0.47,0.12,60000,2.5,0.009793283
-0.8,16,2,0.49,0.12,60000,2.5,0.009615067
-0.8,16,2,0.01,0.14,60000,2.5,0.054367996
-0.8,16,2,0.03,0.14,60000,2.5,0.048603387
-0.8,16,2,0.05,0.14,60000,2.5,0.036556181
-0.8,16,2,0.07,0.14,60000,2.5,0.028865729
-0.8,16,2,0.09,0.14,60000,2.5,0.023894038
-0.8,16,2,0.11,0.14,60000,2.5,0.020489466
-0.8,16,2,0.13,0.14,60000,2.5,0.018034856
-0.8,16,2,0.15,0.14,60000,2.5,0.01619017
-0.8,16,2,0.17,0.14,60000,2.5,0.014757159
-0.8,16,2,0.19,0.14,60000,2.5,0.013613802
-0.8,16,2,0.21,0.14,60000,2.5,0.012681379
-0.8,16,2,0.23,0.14,60000,2.5,0.01190704
-0.8,16,2,0.25,0.14,60000,2.5,0.011254077
-0.8,16,2,0.27,0.14,60000,2.5,0.010696244
-0.8,16,2,0.29,0.14,60000,2.5,0.010214306
-0.8,16,2,0.31,0.14,60000,2.5,0.009793854
-0.8,16,2,0.33,0.14,60000,2.5,0.009423891
-0.8,16,2,0.35,0.14,60000,2.5,0.009095883
-0.8,16,2,0.37,0.14,60000,2.5,0.008803109
-0.8,16,2,0.39,0.14,60000,2.5,0.008540203
-0.8,16,2,0.41,0.14,60000,2.5,0.008302835
-0.8,16,2,0.43,0.14,60000,2.5,0.008087468
-0.8,16,2,0.45,0.14,60000,2.5,0.007891189
-0.8,16,2,0.47,0.14,60000,2.5,0.007711576
-0.8,16,2,0.49,0.14,60000,2.5,0.007546597
-0.8,16,2,0.01,0.16,60000,2.5,0.051157192
-0.8,16,2,0.03,0.16,60000,2.5,0.045659292
-0.8,16,2,0.05,0.16,60000,2.5,0.033650136
-0.8,16,2,0.07,0.16,60000,2.5,0.026034862
-0.8,16,2,0.09,0.16,60000,2.5,0.021181912
-0.8,16,2,0.11,0.16,60000,2.5,0.017905967
-0.8,16,2,0.13,0.16,60000,2.5,0.015573865
-0.8,16,2,0.15,0.16,60000,2.5,0.013840222
-0.8,16,2,0.17,0.16,60000,2.5,0.012505937
-0.8,16,2,0.19,0.16,60000,2.5,0.011449801
-0.8,16,2,0.21,0.16,60000,2.5,0.010594411
-0.8,16,2,0.23,0.16,60000,2.5,0.009888278
-0.8,16,2,0.25,0.16,60000,2.5,0.009295937
-0.8,16,2,0.27,0.16,60000,2.5,0.008792226
-0.8,16,2,0.29,0.16,60000,2.5,0.008358826
-0.8,16,2,0.31,0.16,60000,2.5,0.007982102
-0.8,16,2,0.33,0.16,60000,2.5,0.007651704
-0.8,16,2,0.35,0.16,60000,2.5,0.007359643
-0.8,16,2,0.37,0.16,60000,2.5,0.007099655
-0.8,16,2,0.39,0.16,60000,2.5,0.006866763
-0.8,16,2,0.41,0.16,60000,2.5,0.006656964
-0.8,16,2,0.43,0.16,60000,2.5,0.006467003
-0.8,16,2,0.45,0.16,60000,2.5,0.006294206
-0.8,16,2,0.47,0.16,60000,2.5,0.006136358
-0.8,16,2,0.49,0.16,60000,2.5,0.005991608
-0.8,16,2,0.01,0.18,60000,2.5,0.047967053
-0.8,16,2,0.03,0.18,60000,2.5,0.042466127
-0.8,16,2,0.05,0.18,60000,2.5,0.030622205
-0.8,16,2,0.07,0.18,60000,2.5,0.023200147
-0.8,16,2,0.09,0.18,60000,2.5,0.018546347
-0.8,16,2,0.11,0.18,60000,2.5,0.015453369
-0.8,16,2,0.13,0.18,60000,2.5,0.013281553
-0.8,16,2,0.15,0.18,60000,2.5,0.011686057
-0.8,16,2,0.17,0.18,60000,2.5,0.010470505
-0.8,16,2,0.19,0.18,60000,2.5,0.00951673
-0.8,16,2,0.21,0.18,60000,2.5,0.008750077
-0.8,16,2,0.23,0.18,60000,2.5,0.00812137
-0.8,16,2,0.25,0.18,60000,2.5,0.007597035
-0.8,16,2,0.27,0.18,60000,2.5,0.007153441
-0.8,16,2,0.29,0.18,60000,2.5,0.006773508
-0.8,16,2,0.31,0.18,60000,2.5,0.00644461
-0.8,16,2,0.33,0.18,60000,2.5,0.006157219
-0.8,16,2,0.35,0.18,60000,2.5,0.00590402
-0.8,16,2,0.37,0.18,60000,2.5,0.005679309
-0.8,16,2,0.39,0.18,60000,2.5,0.005478574
-0.8,16,2,0.41,0.18,60000,2.5,0.005298201
-0.8,16,2,0.43,0.18,60000,2.5,0.005135264
-0.8,16,2,0.45,0.18,60000,2.5,0.004987367
-0.8,16,2,0.47,0.18,60000,2.5,0.004852533
-0.8,16,2,0.49,0.18,60000,2.5,0.004729115
-0.8,16,2,0.01,0.2,60000,2.5,0.044957236
-0.8,16,2,0.03,0.2,60000,2.5,0.039352172
-0.8,16,2,0.05,0.2,60000,2.5,0.027745091
-0.8,16,2,0.07,0.2,60000,2.5,0.020571735
-0.8,16,2,0.09,0.2,60000,2.5,0.016148631
-0.8,16,2,0.11,0.2,60000,2.5,0.013255636
-0.8,16,2,0.13,0.2,60000,2.5,0.011252901
-0.8,16,2,0.15,0.2,60000,2.5,0.009799657
-0.8,16,2,0.17,0.2,60000,2.5,0.008704223
-0.8,16,2,0.19,0.2,60000,2.5,0.007852602
-0.8,16,2,0.21,0.2,60000,2.5,0.007173548
-0.8,16,2,0.23,0.2,60000,2.5,0.006620591
-0.8,16,2,0.25,0.2,60000,2.5,0.00616229
-0.8,16,2,0.27,0.2,60000,2.5,0.005776696
-0.8,16,2,0.29,0.2,60000,2.5,0.005448064
-0.8,16,2,0.31,0.2,60000,2.5,0.005164831
-0.8,16,2,0.33,0.2,60000,2.5,0.004918327
-0.8,16,2,0.35,0.2,60000,2.5,0.004701936
-0.8,16,2,0.37,0.2,60000,2.5,0.004510523
-0.8,16,2,0.39,0.2,60000,2.5,0.004340047
-0.8,16,2,0.41,0.2,60000,2.5,0.004187286
-0.8,16,2,0.43,0.2,60000,2.5,0.004049641
-0.8,16,2,0.45,0.2,60000,2.5,0.003924996
-0.8,16,2,0.47,0.2,60000,2.5,0.003811607
-0.8,16,2,0.49,0.2,60000,2.5,0.003708027
-5,16,2,0.05,0,1000,2.5,0.039092718
-5,16,2,0.05,0,5000,2.5,0.169212567
-5,16,2,0.05,0,9000,2.5,0.283112963
-5,16,2,0.05,0,13000,2.5,0.382822184
-5,16,2,0.05,0,17000,2.5,0.470108362
-5,16,2,0.05,0,21000,2.5,0.546519326
-5,16,2,0.05,0,25000,2.5,0.613410058
-5,16,2,0.05,0,29000,2.5,0.671966711
-5,16,2,0.05,0,33000,2.5,0.723227654
-5,16,2,0.05,0,37000,2.5,0.76810188
-5,16,2,0.05,0,41000,2.5,0.807385127
-5,16,2,0.05,0,45000,2.5,0.841773989
-5,16,2,0.05,0,49000,2.5,0.87187827
-5,16,2,0.05,0,53000,2.5,0.898231796
-5,16,2,0.05,0,57000,2.5,0.921301883
-4.5,16,2,0.05,0,1000,2.5,0.052737551
-4.5,16,2,0.05,0,5000,2.5,0.226945439
-4.5,16,2,0.05,0,9000,2.5,0.378140905
-4.5,16,2,0.05,0,13000,2.5,0.509372389
-4.5,16,2,0.05,0,17000,2.5,0.623275984
-4.5,16,2,0.05,0,21000,2.5,0.722139702
-4.5,16,2,0.05,0,25000,2.5,0.807949431
-4.5,16,2,0.05,0,29000,2.5,0.882428839
-4.5,16,2,0.05,0,33000,2.5,0.947073991
-4.5,16,2,0.05,0,37000,2.5,1.003183409
-4.5,16,2,0.05,0,41000,2.5,1.051884157
-4.5,16,2,0.05,0,45000,2.5,1.094154478
-4.5,16,2,0.05,0,49000,2.5,1.130843446
-4.5,16,2,0.05,0,53000,2.5,1.162688022
-4.5,16,2,0.05,0,57000,2.5,1.19032786
-4,16,2,0.05,0,1000,2.5,0.073401481
-4,16,2,0.05,0,5000,2.5,0.313350229
-4,16,2,0.05,0,9000,2.5,0.519172957
-4,16,2,0.05,0,13000,2.5,0.695734568
-4,16,2,0.05,0,17000,2.5,0.847195102
-4,16,2,0.05,0,21000,2.5,0.977123148
-4,16,2,0.05,0,25000,2.5,1.088579933
-4,16,2,0.05,0,29000,2.5,1.184191465
-4,16,2,0.05,0,33000,2.5,1.26621041
-4,16,2,0.05,0,37000,2.5,1.336569174
-4,16,2,0.05,0,41000,2.5,1.396925434
-4,16,2,0.05,0,45000,2.5,1.4487012
-4,16,2,0.05,0,49000,2.5,1.493116317
-4,16,2,0.05,0,53000,2.5,1.53121721
-4,16,2,0.05,0,57000,2.5,1.563901538
-3.5,16,2,0.05,0,1000,2.5,0.106062767
-3.5,16,2,0.05,0,5000,2.5,0.447677371
-3.5,16,2,0.05,0,9000,2.5,0.735856443
-3.5,16,2,0.05,0,13000,2.5,0.978973897
-3.5,16,2,0.05,0,17000,2.5,1.184076135
-3.5,16,2,0.05,0,21000,2.5,1.357107618
-3.5,16,2,0.05,0,25000,2.5,1.503083215
-3.5,16,2,0.05,0,29000,2.5,1.626233586
-3.5,16,2,0.05,0,33000,2.5,1.730127826
-3.5,16,2,0.05,0,37000,2.5,1.817776925
-3.5,16,2,0.05,0,41000,2.5,1.891721046
-3.5,16,2,0.05,0,45000,2.5,1.954103148
-3.5,16,2,0.05,0,49000,2.5,2.006731104
-3.5,16,2,0.05,0,53000,2.5,2.051130098
-3.5,16,2,0.05,0,57000,2.5,2.088586828
-3,16,2,0.05,0,1000,2.5,0.160372091
-3,16,2,0.05,0,5000,2.5,0.66569904
-3,16,2,0.05,0,9000,2.5,1.081550703
-3,16,2,0.05,0,13000,2.5,1.423791235
-3,16,2,0.05,0,17000,2.5,1.705451645
-3,16,2,0.05,0,21000,2.5,1.937255841
-3,16,2,0.05,0,25000,2.5,2.128029189
-3,16,2,0.05,0,29000,2.5,2.285034691
-3,16,2,0.05,0,33000,2.5,2.414249612
-3,16,2,0.05,0,37000,2.5,2.520593118
-3,16,2,0.05,0,41000,2.5,2.608113601
-3,16,2,0.05,0,45000,2.5,2.680142833
-3,16,2,0.05,0,49000,2.5,2.739422827
-3,16,2,0.05,0,53000,2.5,2.788210237
-3,16,2,0.05,0,57000,2.5,2.828362271
-2.5,16,2,0.05,0,1000,2.5,0.256151039
-2.5,16,2,0.05,0,5000,2.5,1.036189031
-2.5,16,2,0.05,0,9000,2.5,1.653717389
-2.5,16,2,0.05,0,13000,2.5,2.142622466
-2.5,16,2,0.05,0,17000,2.5,2.529698161
-2.5,16,2,0.05,0,21000,2.5,2.836155621
-2.5,16,2,0.05,0,25000,2.5,3.078786917
-2.5,16,2,0.05,0,29000,2.5,3.270885996
-2.5,16,2,0.05,0,33000,2.5,3.422977588
-2.5,16,2,0.05,0,37000,2.5,3.543394166
-2.5,16,2,0.05,0,41000,2.5,3.638732656
-2.5,16,2,0.05,0,45000,2.5,3.714215975
-2.5,16,2,0.05,0,49000,2.5,3.773979234
-2.5,16,2,0.05,0,53000,2.5,3.821296322
-2.5,16,2,0.05,0,57000,2.5,3.858759284
-2,16,2,0.05,0,1000,2.5,0.436085355
-2,16,2,0.05,0,5000,2.5,1.691329876
-2,16,2,0.05,0,9000,2.5,2.623012578
-2,16,2,0.05,0,13000,2.5,3.314584234
-2,16,2,0.05,0,17000,2.5,3.827939002
-2,16,2,0.05,0,21000,2.5,4.209010416
-2,16,2,0.05,0,25000,2.5,4.491889831
-2,16,2,0.05,0,29000,2.5,4.701880946
-2,16,2,0.05,0,33000,2.5,4.857765798
-2,16,2,0.05,0,37000,2.5,4.973486069
-2,16,2,0.05,0,41000,2.5,5.059390755
-2,16,2,0.05,0,45000,2.5,5.123162112
-2,16,2,0.05,0,49000,2.5,5.170502903
-2,16,2,0.05,0,53000,2.5,5.205646492
-2,16,2,0.05,0,57000,2.5,5.231735485
-1.5,16,2,0.05,0,1000,2.5,0.79062126
-1.5,16,2,0.05,0,5000,2.5,2.852074083
-1.5,16,2,0.05,0,9000,2.5,4.216143122
-1.5,16,2,0.05,0,13000,2.5,5.1188639
-1.5,16,2,0.05,0,17000,2.5,5.716320296
-1.5,16,2,0.05,0,21000,2.5,6.111762121
-1.5,16,2,0.05,0,25000,2.5,6.373504844
-1.5,16,2,0.05,0,29000,2.5,6.546756331
-1.5,16,2,0.05,0,33000,2.5,6.66143593
-1.5,16,2,0.05,0,37000,2.5,6.737346088
-1.5,16,2,0.05,0,41000,2.5,6.787593838
-1.5,16,2,0.05,0,45000,2.5,6.82085484
-1.5,16,2,0.05,0,49000,2.5,6.842871699
-1.5,16,2,0.05,0,53000,2.5,6.857445614
-1.5,16,2,0.05,0,57000,2.5,6.867092735
-1,16,2,0.05,0,1000,2.5,1.452082922
-1,16,2,0.05,0,5000,2.5,4.617469761
-1,16,2,0.05,0,9000,2.5,6.309810616
-1,16,2,0.05,0,13000,2.5,7.214929176
-1,16,2,0.05,0,17000,2.5,7.699117623
-1,16,2,0.05,0,21000,2.5,7.958160836
-1,16,2,0.05,0,25000,2.5,8.096758576
-1,16,2,0.05,0,29000,2.5,8.1709159
-1,16,2,0.05,0,33000,2.5,8.210594783
-1,16,2,0.05,0,37000,2.5,8.231825704
-1,16,2,0.05,0,41000,2.5,8.243185757
-1,16,2,0.05,0,45000,2.5,8.24926421
-1,16,2,0.05,0,49000,2.5,8.252516627
-1,16,2,0.05,0,53000,2.5,8.254256911
-1,16,2,0.05,0,57000,2.5,8.255188091
-0.5,16,2,0.05,0,1000,2.5,2.133626328
-0.5,16,2,0.05,0,5000,2.5,5.647021391
-0.5,16,2,0.05,0,9000,2.5,6.971936786
-0.5,16,2,0.05,0,13000,2.5,7.471813956
-0.5,16,2,0.05,0,17000,2.5,7.660449021
-0.5,16,2,0.05,0,21000,2.5,7.73163808
-0.5,16,2,0.05,0,25000,2.5,7.758504885
-0.5,16,2,0.05,0,29000,2.5,7.768644544
-0.5,16,2,0.05,0,33000,2.5,7.772471314
-0.5,16,2,0.05,0,37000,2.5,7.773915563
-0.5,16,2,0.05,0,41000,2.5,7.774460632
-0.5,16,2,0.05,0,45000,2.5,7.774666345
-0.5,16,2,0.05,0,49000,2.5,7.774743983
-0.5,16,2,0.05,0,53000,2.5,7.774773284
-0.5,16,2,0.05,0,57000,2.5,7.774784342
0,16,2,0.05,0,1000,2.5,8.59e-16
0,16,2,0.05,0,5000,2.5,1.59e-15
0,16,2,0.05,0,9000,2.5,1.59e-15
0,16,2,0.05,0,13000,2.5,1.59e-15
0,16,2,0.05,0,17000,2.5,1.59e-15
0,16,2,0.05,0,21000,2.5,1.59e-15
0,16,2,0.05,0,25000,2.5,1.59e-15
0,16,2,0.05,0,29000,2.5,1.59e-15
0,16,2,0.05,0,33000,2.5,1.59e-15
0,16,2,0.05,0,37000,2.5,1.59e-15
0,16,2,0.05,0,41000,2.5,1.59e-15
0,16,2,0.05,0,45000,2.5,1.59e-15
0,16,2,0.05,0,49000,2.5,1.59e-15
0,16,2,0.05,0,53000,2.5,1.59e-15
0,16,2,0.05,0,57000,2.5,1.59e-15
0.5,16,2,0.05,0,1000,2.5,-2.133626328
0.5,16,2,0.05,0,5000,2.5,-5.647021391
0.5,16,2,0.05,0,9000,2.5,-6.971936786
0.5,16,2,0.05,0,13000,2.5,-7.471813956
0.5,16,2,0.05,0,17000,2.5,-7.660449021
0.5,16,2,0.05,0,21000,2.5,-7.73163808
0.5,16,2,0.05,0,25000,2.5,-7.758504885
0.5,16,2,0.05,0,29000,2.5,-7.768644544
0.5,16,2,0.05,0,33000,2.5,-7.772471314
0.5,16,2,0.05,0,37000,2.5,-7.773915563
0.5,16,2,0.05,0,41000,2.5,-7.774460632
0.5,16,2,0.05,0,45000,2.5,-7.774666345
0.5,16,2,0.05,0,49000,2.5,-7.774743983
0.5,16,2,0.05,0,53000,2.5,-7.774773284
0.5,16,2,0.05,0,57000,2.5,-7.774784342
1,16,2,0.05,0,1000,2.5,-1.452082922
1,16,2,0.05,0,5000,2.5,-4.617469761
1,16,2,0.05,0,9000,2.5,-6.309810616
1,16,2,0.05,0,13000,2.5,-7.214929176
1,16,2,0.05,0,17000,2.5,-7.699117623
1,16,2,0.05,0,21000,2.5,-7.958160836
1,16,2,0.05,0,25000,2.5,-8.096758575
1,16,2,0.05,0,29000,2.5,-8.1709159
1,16,2,0.05,0,33000,2.5,-8.210594783
1,16,2,0.05,0,37000,2.5,-8.231825704
1,16,2,0.05,0,41000,2.5,-8.243185757
1,16,2,0.05,0,45000,2.5,-8.24926421
1,16,2,0.05,0,49000,2.5,-8.252516627
1,16,2,0.05,0,53000,2.5,-8.254256911
1,16,2,0.05,0,57000,2.5,-8.255188091
1.5,16,2,0.05,0,1000,2.5,-0.79062126
1.5,16,2,0.05,0,5000,2.5,-2.852074083
1.5,16,2,0.05,0,9000,2.5,-4.216143122
1.5,16,2,0.05,0,13000,2.5,-5.1188639
1.5,16,2,0.05,0,17000,2.5,-5.716320296
1.5,16,2,0.05,0,21000,2.5,-6.111762121
1.5,16,2,0.05,0,25000,2.5,-6.373504844
1.5,16,2,0.05,0,29000,2.5,-6.546756331
1.5,16,2,0.05,0,33000,2.5,-6.66143593
1.5,16,2,0.05,0,37000,2.5,-6.737346088
1.5,16,2,0.05,0,41000,2.5,-6.787593838
1.5,16,2,0.05,0,45000,2.5,-6.82085484
1.5,16,2,0.05,0,49000,2.5,-6.842871699
1.5,16,2,0.05,0,53000,2.5,-6.857445614
1.5,16,2,0.05,0,57000,2.5,-6.867092735
2,16,2,0.05,0,1000,2.5,-0.436085355
2,16,2,0.05,0,5000,2.5,-1.691329876
2,16,2,0.05,0,9000,2.5,-2.623012578
2,16,2,0.05,0,13000,2.5,-3.314584234
2,16,2,0.05,0,17000,2.5,-3.827939002
2,16,2,0.05,0,21000,2.5,-4.209010416
2,16,2,0.05,0,25000,2.5,-4.491889831
2,16,2,0.05,0,29000,2.5,-4.701880946
2,16,2,0.05,0,33000,2.5,-4.857765798
2,16,2,0.05,0,37000,2.5,-4.973486069
2,16,2,0.05,0,41000,2.5,-5.059390755
2,16,2,0.05,0,45000,2.5,-5.123162112
2,16,2,0.05,0,49000,2.5,-5.170502903
2,16,2,0.05,0,53000,2.5,-5.205646493
2,16,2,0.05,0,57000,2.5,-5.231735485
2.5,16,2,0.05,0,1000,2.5,-0.256151039
2.5,16,2,0.05,0,5000,2.5,-1.036189031
2.5,16,2,0.05,0,9000,2.5,-1.653717389
2.5,16,2,0.05,0,13000,2.5,-2.142622466
2.5,16,2,0.05,0,17000,2.5,-2.529698161
2.5,16,2,0.05,0,21000,2.5,-2.836155621
2.5,16,2,0.05,0,25000,2.5,-3.078786917
2.5,16,2,0.05,0,29000,2.5,-3.270885996
2.5,16,2,0.05,0,33000,2.5,-3.422977588
2.5,16,2,0.05,0,37000,2.5,-3.543394166
2.5,16,2,0.05,0,41000,2.5,-3.638732656
2.5,16,2,0.05,0,45000,2.5,-3.714215975
2.5,16,2,0.05,0,49000,2.5,-3.773979234
2.5,16,2,0.05,0,53000,2.5,-3.821296322
2.5,16,2,0.05,0,57000,2.5,-3.858759284
3,16,2,0.05,0,1000,2.5,-0.160372091
3,16,2,0.05,0,5000,2.5,-0.66569904
3,16,2,0.05,0,9000,2.5,-1.081550703
3,16,2,0.05,0,13000,2.5,-1.423791235
3,16,2,0.05,0,17000,2.5,-1.705451645
3,16,2,0.05,0,21000,2.5,-1.937255841
3,16,2,0.05,0,25000,2.5,-2.128029189
3,16,2,0.05,0,29000,2.5,-2.285034691
3,16,2,0.05,0,33000,2.5,-2.414249612
3,16,2,0.05,0,37000,2.5,-2.520593118
3,16,2,0.05,0,41000,2.5,-2.608113601
3,16,2,0.05,0,45000,2.5,-2.680142833
3,16,2,0.05,0,49000,2.5,-2.739422827
3,16,2,0.05,0,53000,2.5,-2.788210237
3,16,2,0.05,0,57000,2.5,-2.828362271
3.5,16,2,0.05,0,1000,2.5,-0.106062767
3.5,16,2,0.05,0,5000,2.5,-0.447677371
3.5,16,2,0.05,0,9000,2.5,-0.735856443
3.5,16,2,0.05,0,13000,2.5,-0.978973897
3.5,16,2,0.05,0,17000,2.5,-1.184076135
3.5,16,2,0.05,0,21000,2.5,-1.357107618
3.5,16,2,0.05,0,25000,2.5,-1.503083215
3.5,16,2,0.05,0,29000,2.5,-1.626233586
3.5,16,2,0.05,0,33000,2.5,-1.730127826
3.5,16,2,0.05,0,37000,2.5,-1.817776925
3.5,16,2,0.05,0,41000,2.5,-1.891721046
3.5,16,2,0.05,0,45000,2.5,-1.954103148
3.5,16,2,0.05,0,49000,2.5,-2.006731104
3.5,16,2,0.05,0,53000,2.5,-2.051130098
3.5,16,2,0.05,0,57000,2.5,-2.088586828
4,16,2,0.05,0,1000,2.5,-0.073401481
4,16,2,0.05,0,5000,2.5,-0.313350229
4,16,2,0.05,0,9000,2.5,-0.519172957
4,16,2,0.05,0,13000,2.5,-0.695734568
4,16,2,0.05,0,17000,2.5,-0.847195102
4,16,2,0.05,0,21000,2.5,-0.977123148
4,16,2,0.05,0,25000,2.5,-1.088579933
4,16,2,0.05,0,29000,2.5,-1.184191465
4,16,2,0.05,0,33000,2.5,-1.26621041
4,16,2,0.05,0,37000,2.5,-1.336569174
4,16,2,0.05,0,41000,2.5,-1.396925434
4,16,2,0.05,0,45000,2.5,-1.4487012
4,16,2,0.05,0,49000,2.5,-1.493116317
4,16,2,0.05,0,53000,2.5,-1.53121721
4,16,2,0.05,0,57000,2.5,-1.563901538
4.5,16,2,0.05,0,1000,2.5,-0.052737551
4.5,16,2,0.05,0,5000,2.5,-0.226945439
4.5,16,2,0.05,0,9000,2.5,-0.378140905
4.5,16,2,0.05,0,13000,2.5,-0.509372389
4.5,16,2,0.05,0,17000,2.5,-0.623275984
4.5,16,2,0.05,0,21000,2.5,-0.722139702
4.5,16,2,0.05,0,25000,2.5,-0.807949431
4.5,16,2,0.05,0,29000,2.5,-0.882428839
4.5,16,2,0.05,0,33000,2.5,-0.947073991
4.5,16,2,0.05,0,37000,2.5,-1.003183409
4.5,16,2,0.05,0,41000,2.5,-1.051884157
4.5,16,2,0.05,0,45000,2.5,-1.094154478
4.5,16,2,0.05,0,49000,2.5,-1.130843446
4.5,16,2,0.05,0,53000,2.5,-1.162688022
4.5,16,2,0.05,0,57000,2.5,-1.19032786
5,16,2,0.05,0,1000,2.5,-0.039092718
5,16,2,0.05,0,5000,2.5,-0.169212567
5,16,2,0.05,0,9000,2.5,-0.283112963
5,16,2,0.05,0,13000,2.5,-0.382822184
5,16,2,0.05,0,17000,2.5,-0.470108362
5,16,2,0.05,0,21000,2.5,-0.546519326
5,16,2,0.05,0,25000,2.5,-0.613410058
5,16,2,0.05,0,29000,2.5,-0.671966711
5,16,2,0.05,0,33000,2.5,-0.723227654
5,16,2,0.05,0,37000,2.5,-0.76810188
5,16,2,0.05,0,41000,2.5,-0.807385127
5,16,2,0.05,0,45000,2.5,-0.841773989
5,16,2,0.05,0,49000,2.5,-0.87187827
5,16,2,0.05,0,53000,2.5,-0.898231796
5,16,2,0.05,0,57000,2.5,-0.921301883
-0.8,16,2,0.05,0,1000,0.5,1.789302443732401
-0.8,16,2,0.05,0,5000,0.5,5.320727858585918
-0.8,16,2,0.05,0,9000,0.5,6.994268084278883
-0.8,16,2,0.05,0,13000,0.5,7.787752274057004
-0.8,16,2,0.05,0,17000,0.5,8.164065671734889
-0.8,16,2,0.05,0,21000,0.5,8.34255527016648
-0.8,16,2,0.05,0,25000,0.5,8.427219649328556
-0.8,16,2,0.05,0,29000,0.5,8.467380250458653
-0.8,16,2,0.05,0,33000,0.5,8.48643069932351
-0.8,16,2,0.05,0,37000,0.5,8.49546746133428
-0.8,16,2,0.05,0,41000,0.5,8.49975414781977
-0.8,16,2,0.05,0,45000,0.5,8.501787587008074
-0.8,16,2,0.05,0,49000,0.5,8.50275217296749
-0.8,16,2,0.05,0,53000,0.5,8.50320973588067
-0.8,16,2,0.05,0,57000,0.5,8.50342678636551
-0.8,16,2,0.05,0,1000,1,1.7882319052857212
-0.8,16,2,0.05,0,5000,1,5.3146598880231055
-0.8,16,2,0.05,0,9000,1,6.983819908191231
-0.8,16,2,0.05,0,13000,1,7.774273960228936
-0.8,16,2,0.05,0,17000,1,8.148698463029596
-0.8,16,2,0.05,0,21000,1,8.326077999529833
-0.8,16,2,0.05,0,25000,1,8.410114358152224
-0.8,16,2,0.05,0,29000,1,8.449928973312451
-0.8,16,2,0.05,0,33000,1,8.46879251813369
-0.8,16,2,0.05,0,37000,1,8.477729825521255
-0.8,16,2,0.05,0,41000,1,8.481964219996
-0.8,16,2,0.05,0,45000,1,8.48397043057994
-0.8,16,2,0.05,0,49000,1,8.484920952194386
-0.8,16,2,0.05,0,53000,1,8.485371299540269
-0.8,16,2,0.05,0,57000,1,8.485584669502016
-0.8,16,2,0.05,0,1000,2.5,1.7849522399728472
-0.8,16,2,0.05,0,5000,2.5,5.295744794846776
-0.8,16,2,0.05,0,9000,2.5,6.951199437295849
-0.8,16,2,0.05,0,13000,2.5,7.732187061249626
-0.8,16,2,0.05,0,17000,2.5,8.100722315338498
-0.8,16,2,0.05,0,21000,2.5,8.274648472639148
-0.8,16,2,0.05,0,25000,2.5,8.356735555616938
-0.8,16,2,0.05,0,29000,2.5,8.39547881006793
-0.8,16,2,0.05,0,33000,2.5,8.413764979267835
-0.8,16,2,0.05,0,37000,2.5,8.422395796071834
-0.8,16,2,0.05,0,41000,2.5,8.426469432417468
-0.8,16,2,0.05,0,45000,2.5,8.428392139733226
-0.8,16,2,0.05,0,49000,2.5,8.4292996349961
-0.8,16,2,0.05,0,53000,2.5,8.429727962221445
-0.8,16,2,0.05,0,57000,2.5,8.429930127725681
-0.8,16,2,0.05,0,1000,5,1.779496101787912
-0.8,16,2,0.05,0,5000,5,5.262600363160684
-0.8,16,2,0.05,0,9000,5,6.893636853071181
-0.8,16,2,0.05,0,13000,5,7.657778661411542
-0.8,16,2,0.05,0,17000,5,8.015867331448945
-0.8,16,2,0.05,0,21000,5,8.183692476349274
-0.8,16,2,0.05,0,25000,5,8.262351189488147
-0.8,16,2,0.05,0,29000,5,8.299219020653346
-0.8,16,2,0.05,0,33000,5,8.316499408024743
-0.8,16,2,0.05,0,37000,5,8.3245989742811
-0.8,16,2,0.05,0,41000,5,8.32839536740615
-0.8,16,2,0.05,0,45000,5,8.330174798283926
-0.8,16,2,0.05,0,49000,5,8.331008846800092
-0.8,16,2,0.05,0,53000,5,8.331399779161236
-0.8,16,2,0.05,0,57000,5,8.33158301565981
-0.8,16,2,0.05,0,1000,10,1.7790807973201095
-0.8,16,2,0.05,0,5000,10,5.2236842509725365
-0.8,16,2,0.05,0,9000,10,6.812821777328883
-0.8,16,2,0.05,0,13000,10,7.546314776846788
-0.8,16,2,0.05,0,17000,10,7.884951833761882
-0.8,16,2,0.05,0,21000,10,8.041310160569708
-0.8,16,2,0.05,0,25000,10,8.113508917979443
-0.8,16,2,0.05,0,29000,10,8.146847618781221
-0.8,16,2,0.05,0,33000,10,8.162242358414538
-0.8,16,2,0.05,0,37000,10,8.169351189718052
-0.8,16,2,0.05,0,41000,10,8.17263384347021
-0.8,16,2,0.05,0,45000,10,8.174149680145359
-0.8,16,2,0.05,0,49000,10,8.17484965100326
-0.8,16,2,0.05,0,53000,10,8.175172877985704
-0.8,16,2,0.05,0,57000,10,8.175322135189486
-0.8,16,2,0.05,0,1000,20,6.147813534010868
-0.8,16,2,0.05,0,5000,20,21.30109795113674
-0.8,16,2,0.05,0,9000,20,30.57822419004093
-0.8,16,2,0.05,0,13000,20,36.29772080369752
-0.8,16,2,0.05,0,17000,20,39.83882467150685
-0.8,16,2,0.05,0,21000,20,42.03689887017878
-0.8,16,2,0.05,0,25000,20,43.40348685510179
-0.8,16,2,0.05,0,29000,20,44.25396025900683
-0.8,16,2,0.05,0,33000,20,44.783561954720795
-0.8,16,2,0.05,0,37000,20,45.11347767788172
-0.8,16,2,0.05,0,41000,20,45.31904748958011
-0.8,16,2,0.05,0,45000,20,45.447156475768665
-0.8,16,2,0.05,0,49000,20,45.52699999562645
-0.8,16,2,0.05,0,53000,20,45.576765059674855
-0.8,16,2,0.05,0,57000,20,45.60778385471658
-0.8,16,2,0.05,0,1000,50,-5.494230578659303
-0.8,16,2,0.05,0,5000,50,-19.838528695820145
-0.8,16,2,0.05,0,9000,50,-28.89304793365004
-0.8,16,2,0.05,0,13000,50,-34.63546891709532
-0.8,16,2,0.05,0,17000,50,-38.28834816111401
-0.8,16,2,0.05,0,21000,50,-40.61650559455133
-0.8,16,2,0.05,0,25000,50,-42.10217953247566
-0.8,16,2,0.05,0,29000,50,-43.05098190254668
-0.8,16,2,0.05,0,33000,50,-43.65722377766654
-0.8,16,2,0.05,0,37000,50,-44.044709197450736
-0.8,16,2,0.05,0,41000,50,-44.29242506215545
-0.8,16,2,0.05,0,45000,50,-44.450808290596264
-0.8,16,2,0.05,0,49000,50,-44.55208298743736
-0.8,16,2,0.05,0,53000,50,-44.61684435067681
-0.8,16,2,0.05,0,57000,50,-44.658258228014596
-0.8,16,2,0.05,0,1000,100,0.15191187800884715
-0.8,16,2,0.05,0,5000,100,0.6628426958294846
-0.8,16,2,0.05,0,9000,100,1.123150252515198
-0.8,16,2,0.05,0,13000,100,1.537859216772258
-0.8,16,2,0.05,0,17000,100,1.9114873094973523
-0.8,16,2,0.05,0,21000,100,2.248104527997918
-0.8,16,2,0.05,0,25000,100,2.5513775408773856
-0.8,16,2,0.05,0,29000,100,2.8246096764035498
-0.8,16,2,0.05,0,33000,100,3.0707769425744673
-0.8,16,2,0.05,0,37000,100,3.2925604733605223
-0.8,16,2,0.05,0,41000,100,3.49237575626157
-0.8,16,2,0.05,0,45000,100,3.6723989609218313
-0.8,16,2,0.05,0,49000,100,3.834590656700286
-0.8,16,2,0.05,0,53000,100,3.9807171784329123
-0.8,16,2,0.05,0,57000,100,4.1123698738299215
-0.8,16,2,0.05,0,1000,0.25,1.7898329580944876
-0.8,16,2,0.05,0,5000,0.25,5.323716192789481
-0.8,16,2,0.05,0,9000,0.25,6.999410828578537
-0.8,16,2,0.05,0,13000,0.25,7.794386277991502
-0.8,16,2,0.05,0,17000,0.25,8.171629968574969
-0.8,16,2,0.05,0,21000,0.25,8.350666717887512
-0.8,16,2,0.05,0,25000,0.25,8.435640907133573
-0.8,16,2,0.05,0,29000,0.25,8.475972332705933
-0.8,16,2,0.05,0,33000,0.25,8.495115141818218
-0.8,16,2,0.05,0,37000,0.25,8.504201093011615
-0.8,16,2,0.05,0,41000,0.25,8.508513665235286
-0.8,16,2,0.05,0,45000,0.25,8.510560595072636
-0.8,16,2,0.05,0,49000,0.25,8.511532155493025
-0.8,16,2,0.05,0,53000,0.25,8.51199329975035
-0.8,16,2,0.05,0,57000,0.25,8.51221217863069
-0.8,16,2,0.05,0,1000,150,-4.678936007684367
-0.8,16,2,0.05,0,5000,150,-21.576366078589572
-0.8,16,2,0.05,0,9000,150,-33.794582955777564
-0.8,16,2,0.05,0,13000,150,-42.37946472662889
-0.8,16,2,0.05,0,17000,150,-48.9044934001094
-0.8,16,2,0.05,0,21000,150,-53.659278136772215
-0.8,16,2,0.05,0,25000,150,-57.01868098243488
-0.8,16,2,0.05,0,29000,150,-59.58221343014331
-0.8,16,2,0.05,0,33000,150,-61.45577479090352
-0.8,16,2,0.05,0,37000,150,-62.78229916497787
-0.8,16,2,0.05,0,41000,150,-63.796112331519126
-0.8,16,2,0.05,0,45000,150,-64.53790822216074
-0.8,16,2,0.05,0,49000,150,-65.0635497434386
-0.8,16,2,0.05,0,53000,150,-65.46551979360878
-0.8,16,2,0.05,0,57000,150,-65.75976947551911
-0.8,16,2,0.05,0,1000,200,0.2503341330320761
-0.8,16,2,0.05,0,5000,200,1.2450606532402915
-0.8,16,2,0.05,0,9000,200,2.121537659000655
-0.8,16,2,0.05,0,13000,200,2.8938217224993448
-0.8,16,2,0.05,0,17000,200,3.5743077079575967
-0.8,16,2,0.05,0,21000,200,4.1739140353673365
-0.8,16,2,0.05,0,25000,200,4.702258982682837
-0.8,16,2,0.05,0,29000,200,5.167815839979573
-0.8,16,2,0.05,0,33000,200,5.57804947350351
-0.8,16,2,0.05,0,37000,200,5.9395365435112994
-0.8,16,2,0.05,0,41000,200,6.258071345333017
-0.8,16,2,0.05,0,45000,200,6.538759002978643
-0.8,16,2,0.05,0,49000,200,6.78609753438941
-0.8,16,2,0.05,0,53000,200,7.004050123252334
-0.8,16,2,0.05,0,57000,200,7.196108770823563
-0.8,16,2,0.05,0,1000,250,-2.663339843636084
-0.8,16,2,0.05,0,5000,250,-11.49896682237899
-0.8,16,2,0.05,0,9000,250,-18.685826250013083
-0.8,16,2,0.05,0,13000,250,-24.529968430064844
-0.8,16,2,0.05,0,17000,250,-29.280466234385894
-0.8,16,2,0.05,0,21000,250,-33.140754348348324
-0.8,16,2,0.05,0,25000,250,-36.276818561066854
-0.8,16,2,0.05,0,29000,250,-38.82396619948473
-0.8,16,2,0.05,0,33000,250,-40.892409889421735
-0.8,16,2,0.05,0,37000,250,-42.57186191057227
-0.8,16,2,0.05,0,41000,250,-43.93530640374324
-0.8,16,2,0.05,0,45000,250,-45.04209068343727
-0.8,16,2,0.05,0,49000,250,-45.94045438176514
-0.8,16,2,0.05,0,53000,250,-46.66959573236213
-0.8,16,2,0.05,0,57000,250,-47.26135768193244
-0.8,16,2,0.05,0,1000,300,-0.1934015924113541
-0.8,16,2,0.05,0,5000,300,-0.9002681061232624
-0.8,16,2,0.05,0,9000,300,-1.571996330957041
-0.8,16,2,0.05,0,13000,300,-2.122827391988599
-0.8,16,2,0.05,0,17000,300,-2.6115554387744453
-0.8,16,2,0.05,0,21000,300,-3.076438601847566
-0.8,16,2,0.05,0,25000,300,-3.457651955575066
-0.8,16,2,0.05,0,29000,300,-3.7958852964183087
-0.8,16,2,0.05,0,33000,300,-4.117615980914422
-0.8,16,2,0.05,0,37000,300,-4.381441219072749
-0.8,16,2,0.05,0,41000,300,-4.615521204319076
-0.8,16,2,0.05,0,45000,300,-4.838180080158481
-0.8,16,2,0.05,0,49000,300,-5.020764438246914
-0.8,16,2,0.05,0,53000,300,-5.182763036743937
-0.8,16,2,0.05,0,57000,300,-5.336857400784563
